"Genomic Location","Overlapping Gene(s)","Orientation","Query start","Query end","Length","Score","E-val","%ID"
"X:26522656-26545565","Slx","Reverse","1","22910","22910","45281","0.0","100.00"
"X:25622389-25645274","Gm2003","Reverse","1","22910","22962","41629","0.0","97.89"
"X:26734942-26757831","Gm6113","Reverse","1","22910","22965","41101","0.0","97.60"
"X:26287181-26310044","Gm2030","Reverse","1","22910","22963","40761","0.0","97.39"
"X:25824368-25845998","Gm7350","Reverse","1288","22910","21698","38249","0.0","97.25"
"X:24562019-24574892","Gm4297","Reverse","1","12862","12898","22987","0.0","97.51"
"X:25359005-25371080","Gm1989","Reverse","10827","22910","12128","21239","0.0","97.08"
"X:35415040-35427094","Gm14819","Forward","10827","22910","12121","20923","0.0","96.76"
"X:30340595-30352646","Gm14632","Forward","10827","22910","12121","20854","0.0","96.69"
"X:28931803-28943853","Gm10096","Reverse","10827","22910","12121","20852","0.0","96.68"
"X:30820524-30832574","Gm10487","Reverse","10827","22910","12119","20852","0.0","96.68"
"X:29987132-29999182","Gm10488","Forward","10827","22910","12119","20844","0.0","96.67"
"X:28584991-28597038","Gm10147","Reverse","10827","22910","12119","20842","0.0","96.67"
"X:27924016-27936067","Gm10058","Reverse","10827","22910","12120","20840","0.0","96.67"
"X:27472033-27484082","Gm10230","Reverse","10827","22910","12119","20838","0.0","96.67"
"X:24948451-24960498","Gm2759","Reverse","10827","22910","12119","20834","0.0","96.66"
"X:27577075-27589122","Gm2092","Reverse","10827","22910","12119","20834","0.0","96.66"
"X:28270692-28282741","Gm4836","Reverse","10827","22910","12119","20822","0.0","96.65"
"X:35078276-35090317","Gm10486","Forward","10827","22910","12121","20775","0.0","96.58"
"X:25548500-25560596","Gm1993","Reverse","10827","22910","12147","20666","0.0","96.44"
"X:26028195-26040252","Gm5168","Reverse","10827","22910","12126","20658","0.0","96.47"
"X:26912743-26924789","Gm6121","Reverse","10827","22910","12121","20646","0.0","96.44"
"X:35206314-35218406","Gm2318","Reverse","10827","22910","12151","20544","0.0","96.29"
"X:24407098-24419167","Gm6956","Reverse","10827","22910","12148","20192","0.0","95.92"
"X:26990147-27001988","Gm7365","Reverse","11074","22910","11895","20054","0.0","96.24"
"X:29435880-29447721","Gm7421","Reverse","11074","22910","11895","20054","0.0","96.24"
"X:24323350-24335385","Gm9440","Forward","10837","22910","12117","19949","0.0","95.77"
"X:25371117-25381892","Gm1989","Reverse","1","10826","10839","19356","0.0","97.53"
"X:26040289-26051072","Gm5168","Reverse","1","10826","10840","19251","0.0","97.42"
"X:26680642-26691831","Gm14525","Reverse","10827","22040","11250","19069","0.0","96.36"
"X:27002444-27013253","Gm7365","Reverse","1","10826","10838","19026","0.0","97.20"
"X:29448177-29458986","Gm7421","Reverse","1","10826","10838","19026","0.0","97.20"
"X:35404187-35415003","Gm14819","Forward","1","10826","10859","18702","0.0","96.74"
"X:29976283-29987095","Gm10488, Gm44298","Forward","1","10826","10858","18644","0.0","96.67"
"X:26691868-26702669","Gm14525","Reverse","1","10826","10852","18583","0.0","96.63"
"X:29637201-29647996","Gm14527, Gm44496","Reverse","1","10826","10848","18575","0.0","96.61"
"X:24489914-24500757","Gm5934","Reverse","1","10826","10864","18508","0.0","96.52"
"X:35218443-35229270","Gm2318","Reverse","1","10826","10862","18358","0.0","96.35"
"X:30134188-30145037","Gm3681","Reverse","1","10826","10878","18354","0.0","96.29"
"X:28777957-28788782","Gm7408","Forward","1","10826","10860","18330","0.0","96.32"
"X:29793424-29804246","Gm3657","Reverse","1","10826","10859","18298","0.0","96.28"
"X:28126287-28137112","Gm7391","Forward","1","10826","10860","18279","0.0","96.26"
"X:27769991-27780805","Gm7386","Forward","1","10826","10854","18269","0.0","96.26"
"X:29126534-29137364","Gm7415","Forward","1","10826","10865","18267","0.0","96.23"
"X:30680283-30691106","Gm7438","Forward","1","10826","10858","18247","0.0","96.23"
"X:34884283-34895106","Gm2288","Reverse","1","10826","10858","18247","0.0","96.23"
"X:27333202-27344063","Gm7375","Forward","1","10826","10890","18243","0.0","96.10"
"X:28445968-28456822","Gm7398","Forward","1","10826","10890","18186","0.0","96.01"
"X:28788819-28799514","Gm7408","Forward","10827","21513","10755","18041","0.0","96.09"
"X:26221182-26231351","Gm2012, Gm26302","Reverse","1","10186","10219","17541","0.0","96.63"
"X:24552454-24562005","Gm4297","Reverse","13366","22910","9584","17000","0.0","97.36"
"X:29618906-29628839","Gm14527","Reverse","12987","22910","9966","16994","0.0","96.51"
"X:28943890-28953362","Gm10096","Reverse","1344","10826","9500","16559","0.0","97.02"
"X:27936104-27945578","Gm10058","Reverse","1344","10826","9502","16539","0.0","96.99"
"X:27484119-27493596","Gm10230, Gm44452","Reverse","1344","10826","9504","16525","0.0","96.97"
"X:28597075-28606554","Gm10147, Gm44499","Reverse","1344","10826","9502","16525","0.0","96.98"
"X:28282778-28292284","Gm4836","Reverse","1344","10826","9528","16523","0.0","96.86"
"X:30832611-30842117","Gm10487","Reverse","1344","10826","9528","16523","0.0","96.86"
"X:30331054-30340558","Gm14632","Forward","1344","10826","9526","16520","0.0","96.86"
"X:24960535-24970034","Gm2759, Gm44480","Reverse","1344","10826","9522","16498","0.0","96.85"
"X:27589159-27598658","Gm2092, Gm44407","Reverse","1344","10826","9522","16498","0.0","96.85"
"X:35068732-35078239","Gm10486","Forward","1344","10826","9532","16494","0.0","96.79"
"X:26924826-26934341","Gm6121","Reverse","1344","10826","9534","16423","0.0","96.72"
"X:29370555-29380070","Gm2066","Reverse","1344","10826","9534","16423","0.0","96.72"
"X:24474512-24483636","Gm5934","Reverse","13772","22910","9158","15836","0.0","96.87"
"X:25277482-25286220","Gm5169","Reverse","14196","22910","8772","14950","0.0","96.44"
"X:26475984-26484713","Gm2005","Reverse","14196","22910","8770","14857","0.0","96.32"
"X:25291342-25299475","Gm5169","Reverse","2042","10186","8154","14264","0.0","97.12"
"X:30122012-30130136","Gm3681","Reverse","14791","22910","8158","13873","0.0","96.43"
"X:27348113-27356232","Gm7375","Forward","14791","22910","8152","13859","0.0","96.43"
"X:28460864-28468987","Gm7398","Forward","14791","22910","8156","13843","0.0","96.38"
"X:24753144-24761220","Gm5935","Reverse","14843","22910","8103","13812","0.0","96.50"
"X:29362945-29370518","Gm2066","Reverse","10827","18440","7631","13003","0.0","96.45"
"X:26489805-26496447","Gm2005","Reverse","3537","10186","6659","11551","0.0","96.92"
"X:29782672-29789402","Gm3657","Reverse","14791","21513","6762","11400","0.0","96.23"
"X:28141129-28147861","Gm7391","Forward","14791","21513","6766","11385","0.0","96.16"
"X:30695133-30701870","Gm7438","Forward","14791","21513","6769","11385","0.0","96.14"
"X:34873519-34880256","Gm2288","Reverse","14791","21513","6769","11385","0.0","96.14"
"X:29141386-29148121","Gm7415","Forward","14791","21513","6769","11373","0.0","96.11"
"X:27784829-27791548","Gm7386","Forward","14791","21513","6755","11365","0.0","96.20"
"X:24316873-24323310","Gm9440","Forward","4388","10826","6474","10217","0.0","94.90"
"X:24261439-24267327","Gm4732","Reverse","4915","10826","5932","9647","0.0","95.52"
"X:24769693-24775195","Gm5935","Reverse","1","5500","5513","9274","0.0","96.28"
"X:25564950-25570449","Gm1993","Reverse","1","5497","5514","9197","0.0","96.06"
"X:26210800-26216075","Gm2012","Reverse","14196","19474","5306","8959","0.0","96.25"
"X:24256485-24261423","Gm4732","Reverse","10954","15914","4978","8155","0.0","95.64"
"X:25112037-25116509","Gm2768","Reverse","18435","22910","4497","7693","0.0","96.53"
"X:24765309-24769658","Gm5935","Reverse","6488","10826","4364","7588","0.0","96.88"
"X:25560633-25564929","Gm1993","Reverse","6488","10826","4348","7408","0.0","96.34"
"X:24241890-24246250","Gm4732","Reverse","18319","22682","4385","7222","0.0","95.78"
"X:24761240-24765271","Gm5935","Reverse","10828","14865","4053","6845","0.0","96.32"
"X:30691143-30695101","Gm7438","Forward","10827","14799","3986","6768","0.0","96.41"
"X:34880288-34884246","Gm2288","Reverse","10827","14799","3986","6768","0.0","96.41"
"X:29137401-29141358","Gm7415","Forward","10827","14799","3986","6762","0.0","96.39"
"X:27344100-27348055","Gm7375","Forward","10827","14799","3985","6760","0.0","96.39"
"X:28137149-28141107","Gm7391","Forward","10827","14799","3986","6760","0.0","96.39"
"X:28456859-28460814","Gm7398","Forward","10827","14799","3985","6760","0.0","96.39"
"X:27780842-27784799","Gm7386","Forward","10827","14799","3985","6752","0.0","96.36"
"X:30130196-30134151","Gm3681","Reverse","10827","14799","3985","6752","0.0","96.36"
"X:29789428-29793387","Gm3657","Reverse","10827","14799","3987","6728","0.0","96.29"
"X:56130840-56137677","Gm14638, 3830403N18Rik","Forward","3859","10658","6927","6449","0.0","86.56"
"X:26200882-26204344","Gm2012","Reverse","19460","22910","3470","5981","0.0","96.77"
"X:26006328-26009346","Gm14533","Forward","1275","4294","3023","5340","0.0","97.35"
"X:55441544-55446781","Gm14625","Forward","17543","22775","5296","5299","0.0","87.48"
"X:26484708-26487840","Gm2005","Reverse","10827","13964","3152","5216","0.0","95.88"
"X:24421726-24424762","Gm27192","Reverse","1","3043","3046","5210","0.0","96.68"
"X:25286215-25289345","Gm5169","Reverse","10827","13964","3151","5115","0.0","95.49"
"X:26216070-26219200","Gm2012","Reverse","10827","13964","3151","5072","0.0","95.30"
"X:24486929-24489877","Gm5934","Reverse","10827","13779","2966","4961","0.0","96.06"
"X:53816210-53820006","Gm14599","Reverse","18983","22775","3833","4591","0.0","90.11"
"X:55564156-55568346","Gm16404","Forward","18580","22775","4234","4481","0.0","88.29"
"X:24419240-24421729","","Reverse","7203","9682","2499","4378","0.0","97.08"
"X:55709992-55713900","Gm14622","Forward","10827","14743","3965","4346","0.0","88.73"
"X:24246577-24248985","Gm4732","Reverse","15908","18323","2419","3866","0.0","95.25"
"X:56142225-56145662","3830403N18Rik","Forward","15541","18987","3485","3842","0.0","88.90"
"X:55699519-55703418","Gm14622","Forward","1388","5272","3926","3647","0.0","86.73"
"X:54249889-54253200","Gm14598","Forward","19460","22775","3343","3516","0.0","88.27"
"X:55907575-55910628","Gm14624","Forward","15950","18987","3081","3382","0.0","88.77"
"X:73369180-73373794","","Forward","2594","7168","4642","3368","0.0","84.19"
"X:101710653-101715252","Gm50476","Forward","2585","7168","4621","3271","0.0","84.12"
"X:54237515-54241049","Gm14598","Forward","1416","4941","3564","3267","0.0","86.56"
"X:54350467-54354045","Gm14596","Forward","1388","4949","3607","3249","0.0","86.44"
"X:55096963-55100541","Gm7958","Forward","1388","4949","3607","3249","0.0","86.44"
"X:103130621-103135223","","Reverse","2584","7168","4624","3238","0.0","84.04"
"X:54441511-54445088","Gm14594","Forward","1388","4949","3606","3234","0.0","86.41"
"X:55020616-55024193","Gm7950","Forward","1388","4949","3606","3234","0.0","86.41"
"X:9623546-9628146","","Forward","2585","7168","4620","3232","0.0","84.00"
"X:20594805-20599382","","Forward","2585","7140","4597","3232","0.0","84.03"
"X:153074884-153079455","","Forward","2614","7168","4594","3232","0.0","84.04"
"X:139948133-139952723","Rbm41","Reverse","2584","7168","4624","3226","0.0","83.97"
"X:146583615-146588216","","Reverse","2585","7168","4621","3208","0.0","83.92"
"X:48847589-48852189","Fsip2l","Reverse","2585","7168","4620","3200","0.0","83.90"
"X:33246646-33251212","","Forward","2585","7141","4594","3198","0.0","83.94"
"X:54532569-54536149","Gm16405","Forward","1388","4949","3609","3194","0.0","86.23"
"X:54623572-54627152","Gm16430","Forward","1388","4949","3609","3194","0.0","86.23"
"X:54714562-54718149","Gm14595","Forward","1388","4949","3617","3192","0.0","86.15"
"X:157358119-157362980","Phex","Reverse","2302","7163","4905","3192","0.0","83.24"
"X:92910444-92914971","","Reverse","2659","7168","4545","3184","0.0","84.00"
"X:31982913-31987479","","Forward","2585","7141","4594","3182","0.0","83.89"
"X:44198178-44202779","","Forward","2585","7168","4623","3180","0.0","83.84"
"X:76761932-76766533","","Reverse","2585","7168","4620","3178","0.0","83.83"
"X:9890314-9894915","Sytl5","Forward","2585","7168","4623","3176","0.0","83.84"
"X:47790794-47795395","","Reverse","2585","7168","4623","3176","0.0","83.84"
"X:113472939-113477541","Dach2","Reverse","2585","7168","4622","3172","0.0","83.84"
"X:144117927-144122528","","Reverse","2585","7168","4619","3172","0.0","83.83"
"X:72399854-72404376","","Forward","2585","7088","4541","3170","0.0","83.97"
"X:92903205-92907996","","Reverse","2359","7149","4829","3170","0.0","83.41"
"X:40183616-40188217","Gm14643","Reverse","2585","7168","4621","3168","0.0","83.81"
"X:42300479-42305039","","Forward","2584","7140","4591","3168","0.0","83.88"
"X:48784712-48789281","","Reverse","2582","7140","4602","3168","0.0","83.88"
"X:130697087-130701614","","Reverse","2659","7168","4545","3168","0.0","83.96"
"X:49427611-49432211","Gm14697","Reverse","2585","7168","4621","3166","0.0","83.81"
"X:63448138-63452738","","Reverse","2585","7168","4621","3166","0.0","83.81"
"X:160535165-160539766","Phka2","Forward","2585","7168","4624","3166","0.0","83.80"
"X:50811649-50816250","","Reverse","2585","7168","4621","3160","0.0","83.81"
"X:66078919-66083445","","Reverse","2659","7168","4544","3160","0.0","83.93"
"X:67400331-67404901","","Forward","2585","7139","4595","3160","0.0","83.90"
"X:96399788-96404241","Hsf3","Reverse","2725","7168","4475","3160","0.0","84.13"
"X:104267105-104271706","","Forward","2585","7168","4621","3160","0.0","83.79"
"X:129358156-129362683","","Reverse","2659","7168","4545","3160","0.0","83.94"
"X:35502491-35507016","","Forward","2661","7168","4544","3154","0.0","83.96"
"X:8383971-8388573","","Reverse","2585","7168","4622","3153","0.0","83.77"
"X:55228266-55231863","Slxl1","Forward","1388","4949","3627","3153","0.0","85.97"
"X:84390611-84395138","Dmd","Reverse","2659","7168","4545","3153","0.0","83.92"
"X:104640240-104644767","Zdhhc15","Reverse","2659","7168","4545","3153","0.0","83.92"
"X:123369190-123373791","Gm2411","Forward","2585","7168","4621","3153","0.0","83.77"
"X:134893186-134897713","","Reverse","2659","7168","4545","3153","0.0","83.92"
"X:22500842-22505443","","Forward","2585","7168","4622","3151","0.0","83.77"
"X:46524835-46529436","Gm29242","Reverse","2585","7168","4622","3151","0.0","83.77"
"X:53793794-53796478","Xlr","Reverse","10827","13503","2708","3151","0.0","89.66"
"X:43878297-43882898","","Reverse","2585","7168","4625","3149","0.0","83.76"
"X:153592306-153596826","","Reverse","2588","7088","4546","3147","0.0","83.83"
"X:43021544-43026144","Tenm1","Forward","2585","7168","4622","3145","0.0","83.75"
"X:97909327-97913854","","Reverse","2659","7168","4545","3145","0.0","83.89"
"X:100171367-100175968","Eda","Forward","2585","7168","4621","3145","0.0","83.75"
"X:122902877-122907404","","Reverse","2659","7168","4547","3145","0.0","83.90"
"X:126403455-126408056","","Forward","2585","7168","4621","3145","0.0","83.75"
"X:151525552-151530345","Phf8","Forward","2314","7129","4853","3145","0.0","83.31"
"X:23142648-23147249","","Forward","2585","7168","4624","3143","0.0","83.76"
"X:65541636-65546161","","Reverse","2659","7168","4544","3143","0.0","83.89"
"X:86938568-86943168","Il1rapl1","Reverse","2586","7168","4624","3143","0.0","83.76"
"X:95412960-95417561","","Forward","2585","7168","4622","3143","0.0","83.75"
"X:113117862-113122462","Chm","Reverse","2584","7168","4622","3143","0.0","83.75"
"X:138319567-138324165","Il1rapl2","Reverse","2585","7168","4623","3143","0.0","83.76"
"X:56137761-56140439","3830403N18Rik","Forward","10827","13503","2709","3141","0.0","89.52"
"X:65976758-65981286","","Reverse","2659","7168","4546","3141","0.0","83.88"
"X:105314106-105318707","","Reverse","2585","7168","4621","3141","0.0","83.75"
"X:16666679-16671281","Maoa","Forward","2585","7168","4625","3139","0.0","83.74"
"X:22513337-22517938","","Forward","2585","7168","4621","3137","0.0","83.73"
"X:43226397-43230998","Tenm1","Forward","2585","7168","4621","3137","0.0","83.73"
"X:53803175-53807776","","Forward","2585","7168","4621","3137","0.0","83.73"
"X:55798044-55801642","Gm6664","Forward","1388","4949","3628","3137","0.0","85.89"
"X:60952572-60957173","","Forward","2585","7168","4621","3137","0.0","83.73"
"X:63120957-63125558","","Forward","2585","7168","4621","3137","0.0","83.73"
"X:69181551-69186151","","Reverse","2585","7168","4620","3137","0.0","83.72"
"X:70265750-70270351","","Reverse","2585","7168","4621","3137","0.0","83.73"
"X:81414409-81418936","","Reverse","2659","7168","4545","3137","0.0","83.87"
"X:84608831-84613358","Dmd","Reverse","2659","7168","4545","3137","0.0","83.87"
"X:90665722-90670323","","Forward","2585","7168","4621","3137","0.0","83.73"
"X:145781365-145785892","","Reverse","2659","7168","4545","3137","0.0","83.87"
"X:150614922-150619523","Pfkfb1","Forward","2585","7168","4621","3137","0.0","83.73"
"X:151503107-151507634","","Reverse","2659","7168","4545","3137","0.0","83.87"
"X:158143665-158148192","","Reverse","2659","7168","4545","3137","0.0","83.87"
"X:166736828-166741426","","Reverse","2585","7168","4622","3137","0.0","83.73"
"X:62108690-62113285","","Reverse","2585","7168","4626","3135","0.0","83.66"
"X:81677346-81681946","","Forward","2585","7168","4621","3135","0.0","83.73"
"X:115749122-115753697","","Forward","2585","7141","4595","3135","0.0","83.79"
"X:47418978-47423578","","Forward","2585","7168","4622","3133","0.0","83.73"
"X:76147530-76152146","","Forward","2585","7183","4639","3133","0.0","83.70"
"X:132024745-132029340","","Forward","2585","7168","4627","3133","0.0","83.75"
"X:126822774-126827372","","Reverse","2585","7168","4621","3131","0.0","83.70"
"X:49951840-49956366","","Reverse","2659","7168","4544","3129","0.0","83.85"
"X:58384170-58388771","","Forward","2585","7168","4621","3129","0.0","83.70"
"X:62885361-62889962","","Forward","2585","7168","4621","3129","0.0","83.70"
"X:70851524-70856125","","Reverse","2585","7168","4621","3129","0.0","83.70"
"X:89423530-89428131","","Reverse","2585","7168","4625","3129","0.0","83.70"
"X:93239762-93244233","","Reverse","2709","7183","4504","3129","0.0","83.90"
"X:95745418-95749945","Zc3h12b","Reverse","2659","7168","4545","3129","0.0","83.85"
"X:102562163-102566690","Phka1","Reverse","2659","7168","4545","3129","0.0","83.85"
"X:123335636-123340237","","Forward","2585","7168","4621","3129","0.0","83.70"
"X:50180490-50185091","","Reverse","2585","7168","4622","3127","0.0","83.71"
"X:68517930-68522456","","Reverse","2659","7168","4545","3127","0.0","83.85"
"X:109978118-109982719","","Forward","2585","7168","4622","3127","0.0","83.71"
"X:145734466-145739066","","Forward","2585","7168","4621","3127","0.0","83.70"
"X:162670409-162674936","","Reverse","2659","7168","4546","3127","0.0","83.85"
"X:62066075-62070675","","Forward","2585","7168","4622","3125","0.0","83.71"
"X:86218361-86222962","","Forward","2585","7168","4619","3125","0.0","83.70"
"X:113603938-113608530","Dach2","Forward","2594","7168","4615","3125","0.0","83.73"
"X:39935082-39939606","Gm14643","Reverse","2659","7168","4543","3123","0.0","83.84"
"X:82603157-82607756","","Forward","2585","7168","4622","3123","0.0","83.71"
"X:129442038-129446565","","Forward","2659","7168","4546","3123","0.0","83.83"
"X:6612113-6616679","Shroom4","Forward","2584","7140","4595","3121","0.0","83.76"
"X:20763683-20768256","","Reverse","2585","7140","4595","3121","0.0","83.74"
"X:35862265-35866792","","Reverse","2659","7168","4545","3121","0.0","83.83"
"X:39595859-39600386","","Reverse","2659","7168","4545","3121","0.0","83.83"
"X:45254523-45259048","","Reverse","2659","7168","4545","3121","0.0","83.83"
"X:64490820-64495347","","Reverse","2659","7168","4545","3121","0.0","83.83"
"X:67145026-67149496","","Reverse","2709","7168","4490","3121","0.0","83.99"
"X:70742692-70747294","","Forward","2585","7168","4622","3121","0.0","83.69"
"X:80579477-80584078","","Forward","2585","7168","4621","3121","0.0","83.68"
"X:86823443-86827970","Il1rapl1","Reverse","2659","7168","4545","3121","0.0","83.83"
"X:107731435-107736036","","Forward","2585","7168","4623","3121","0.0","83.69"
"X:116226261-116230862","","Reverse","2585","7168","4623","3121","0.0","83.69"
"X:137293664-137298265","","Forward","2585","7168","4623","3121","0.0","83.71"
"X:145234513-145239114","","Forward","2585","7168","4621","3121","0.0","83.68"
"X:14144171-14148771","","Forward","2585","7168","4621","3119","0.0","83.68"
"X:15587493-15592094","","Forward","2585","7168","4622","3119","0.0","83.69"
"X:32618892-32623493","","Forward","2585","7168","4621","3117","0.0","83.68"
"X:36461381-36465982","Gm14569","Reverse","2585","7168","4621","3117","0.0","83.68"
"X:56083068-56087595","","Reverse","2659","7168","4545","3117","0.0","83.83"
"X:59670478-59675080","","Forward","2585","7168","4622","3117","0.0","83.67"
"X:158564660-158569130","","Forward","2709","7168","4488","3117","0.0","83.96"
"X:38662245-38666846","","Forward","2585","7168","4620","3115","0.0","83.68"
"X:40994073-40998675","","Forward","2585","7168","4621","3115","0.0","83.66"
"X:61963107-61967632","","Forward","2661","7168","4544","3115","0.0","83.85"
"X:64626598-64631199","","Forward","2585","7168","4624","3115","0.0","83.72"
"X:80959660-80964261","","Forward","2585","7168","4624","3115","0.0","83.72"
"X:116407157-116411756","","Forward","2585","7168","4620","3115","0.0","83.68"
"X:155682280-155686805","Gm15155","Forward","2661","7168","4544","3115","0.0","83.85"
"X:9427815-9432416","","Forward","2585","7168","4621","3113","0.0","83.66"
"X:9503655-9508256","","Forward","2585","7168","4621","3113","0.0","83.66"
"X:15741747-15746347","","Reverse","2585","7168","4626","3113","0.0","83.68"
"X:50158705-50163306","","Forward","2585","7168","4621","3113","0.0","83.66"
"X:59285736-59290255","Fgf13","Reverse","2659","7168","4543","3113","0.0","83.80"
"X:72079863-72084464","","Forward","2585","7168","4623","3113","0.0","83.67"
"X:80599113-80603640","","Reverse","2659","7168","4545","3113","0.0","83.81"
"X:81983633-81988160","","Reverse","2659","7168","4545","3113","0.0","83.81"
"X:89206895-89211422","","Reverse","2659","7168","4545","3113","0.0","83.81"
"X:95285890-95290491","","Forward","2585","7168","4621","3113","0.0","83.66"
"X:109538289-109542862","","Reverse","2585","7140","4593","3113","0.0","83.71"
"X:120351317-120355890","Pcdh11x","Forward","2585","7141","4600","3113","0.0","83.74"
"X:128708467-128713068","","Forward","2585","7168","4621","3113","0.0","83.66"
"X:130800309-130804910","","Forward","2585","7168","4621","3113","0.0","83.66"
"X:161706703-161711304","","Forward","2585","7168","4621","3113","0.0","83.66"
"X:9719688-9724288","","Reverse","2585","7168","4623","3111","0.0","83.67"
"X:18716087-18720688","","Forward","2585","7168","4622","3111","0.0","83.67"
"X:26674170-26678771","Gm14525","Forward","2585","7168","4622","3111","0.0","83.67"
"X:62933507-62938033","","Reverse","2659","7168","4545","3111","0.0","83.81"
"X:111718833-111723434","","Forward","2585","7168","4624","3111","0.0","83.67"
"X:155832296-155836882","Gm15155","Forward","2588","7168","4625","3109","0.0","83.59"
"X:5635474-5639985","","Reverse","2670","7168","4535","3107","0.0","83.79"
"X:8497380-8501981","","Forward","2585","7168","4622","3107","0.0","83.67"
"X:15393924-15398449","","Forward","2661","7168","4544","3107","0.0","83.82"
"X:36447908-36452489","Gm14569","Reverse","2584","7168","4621","3107","0.0","83.51"
"X:62866090-62870691","","Forward","2585","7168","4622","3107","0.0","83.64"
"X:88886943-88891468","","Forward","2661","7168","4544","3107","0.0","83.82"
"X:138127499-138132076","Il1rapl2","Reverse","2585","7141","4599","3107","0.0","83.71"
"X:23976167-23980694","","Reverse","2659","7168","4545","3105","0.0","83.78"
"X:51437938-51442382","Hs6st2","Reverse","2736","7168","4461","3105","0.0","83.97"
"X:61329653-61334254","","Reverse","2585","7168","4621","3105","0.0","83.64"
"X:78076947-78081548","","Forward","2585","7168","4621","3105","0.0","83.64"
"X:85505705-85510303","","Forward","2585","7168","4622","3105","0.0","83.64"
"X:92962521-92967119","","Reverse","2588","7168","4621","3105","0.0","83.70"
"X:95871904-95876431","Zc3h12b","Reverse","2659","7168","4545","3105","0.0","83.78"
"X:100001709-100006308","Eda","Forward","2585","7168","4621","3105","0.0","83.64"
"X:154501903-154506476","","Reverse","2585","7140","4595","3105","0.0","83.70"
"X:17420187-17424789","","Forward","2585","7168","4623","3103","0.0","83.65"
"X:38842547-38846990","6030498E09Rik","Forward","2728","7168","4469","3103","0.0","84.00"
"X:65820353-65824879","","Reverse","2659","7168","4545","3103","0.0","83.78"
"X:152479028-152483629","","Forward","2585","7168","4622","3103","0.0","83.67"
"X:159399248-159403850","","Reverse","2585","7168","4625","3103","0.0","83.65"
"X:19560294-19564819","","Reverse","2659","7168","4545","3101","0.0","83.78"
"X:21847435-21852033","","Forward","2585","7168","4624","3101","0.0","83.65"
"X:39361439-39366009","","Forward","2585","7136","4590","3101","0.0","83.68"
"X:58788941-58793537","","Forward","2589","7168","4614","3101","0.0","83.64"
"X:98606821-98611426","Ophn1","Reverse","2585","7168","4629","3101","0.0","83.62"
"X:159012605-159017130","","Reverse","2659","7168","4545","3101","0.0","83.78"
"X:166825562-166830159","","Reverse","2585","7168","4625","3101","0.0","83.63"
"X:41699650-41704175","","Forward","2661","7168","4544","3099","0.0","83.80"
"X:46273959-46278486","4930515L19Rik","Reverse","2659","7168","4546","3099","0.0","83.77"
"X:93022635-93027150","","Reverse","2594","7091","4540","3099","0.0","83.79"
"X:21102856-21107457","","Reverse","2585","7168","4621","3097","0.0","83.66"
"X:22875469-22880070","","Forward","2585","7168","4621","3097","0.0","83.66"
"X:60665960-60670563","Gm14661","Forward","2585","7168","4623","3097","0.0","83.63"
"X:72123252-72127853","","Forward","2585","7168","4623","3097","0.0","83.63"
"X:82476319-82480920","","Forward","2585","7168","4621","3097","0.0","83.62"
"X:100109933-100114460","Eda","Reverse","2659","7168","4545","3097","0.0","83.76"
"X:108496601-108501202","","Forward","2585","7168","4621","3097","0.0","83.62"
"X:114775967-114780404","","Reverse","2736","7168","4466","3097","0.0","83.95"
"X:115076231-115080832","","Forward","2585","7168","4621","3097","0.0","83.62"
"X:138664124-138668652","Il1rapl2","Forward","2659","7168","4548","3097","0.0","83.77"
"X:144822654-144827180","Rtl4","Reverse","2659","7168","4546","3097","0.0","83.77"
"X:17301484-17306335","Efhc2","Reverse","2301","7129","4885","3095","0.0","83.07"
"X:163356362-163360963","","Reverse","2585","7168","4622","3095","0.0","83.62"
"X:166417597-166422195","Ofd1","Reverse","2585","7168","4623","3095","0.0","83.63"
"X:65408261-65412788","","Reverse","2659","7168","4545","3093","0.0","83.76"
"X:97941879-97946480","","Reverse","2585","7168","4619","3093","0.0","83.59"
"X:110882807-110887306","","Reverse","2659","7141","4520","3093","0.0","83.83"
"X:117856864-117861390","","Reverse","2659","7168","4544","3093","0.0","83.74"
"X:44437648-44442091","","Reverse","2736","7168","4463","3091","0.0","83.96"
"X:73300614-73305139","","Forward","2661","7168","4544","3091","0.0","83.78"
"X:97969670-97974195","","Forward","2661","7168","4544","3091","0.0","83.78"
"X:5642696-5647297","","Forward","2585","7168","4621","3089","0.0","83.60"
"X:22131670-22136271","","Reverse","2585","7168","4623","3089","0.0","83.60"
"X:50213047-50217574","","Reverse","2659","7168","4545","3089","0.0","83.74"
"X:51272062-51276663","","Reverse","2585","7168","4627","3089","0.0","83.60"
"X:55602602-55607129","","Reverse","2659","7168","4545","3089","0.0","83.74"
"X:64996533-65001134","","Forward","2585","7168","4621","3089","0.0","83.60"
"X:68177464-68182065","","Forward","2585","7168","4621","3089","0.0","83.60"
"X:80209853-80214378","","Reverse","2661","7168","4545","3089","0.0","83.78"
"X:84291265-84295867","Dmd","Forward","2585","7168","4624","3089","0.0","83.61"
"X:86577527-86582128","","Forward","2585","7168","4621","3089","0.0","83.60"
"X:92269121-92273694","Mageb18","Forward","2585","7140","4593","3089","0.0","83.65"
"X:96653824-96658426","","Forward","2585","7168","4622","3089","0.0","83.62"
"X:97255892-97260493","","Reverse","2585","7168","4625","3089","0.0","83.65"
"X:109054056-109058583","","Reverse","2659","7168","4545","3089","0.0","83.74"
"X:110433606-110438208","","Forward","2585","7168","4624","3089","0.0","83.61"
"X:111100141-111104669","","Reverse","2659","7168","4546","3089","0.0","83.74"
"X:115385895-115390422","","Reverse","2659","7168","4545","3089","0.0","83.74"
"X:117210228-117214830","","Forward","2585","7168","4622","3089","0.0","83.60"
"X:133875672-133880273","","Forward","2585","7168","4621","3089","0.0","83.60"
"X:162185829-162190196","","Reverse","2736","7091","4383","3089","0.0","84.07"
"X:16489842-16494443","","Forward","2585","7168","4622","3087","0.0","83.60"
"X:19996352-20000952","","Reverse","2585","7168","4623","3087","0.0","83.60"
"X:22022215-22026738","","Forward","2662","7168","4543","3087","0.0","83.76"
"X:40242478-40247004","Gm14643","Forward","2659","7168","4545","3087","0.0","83.74"
"X:81864010-81868537","","Reverse","2659","7168","4548","3087","0.0","83.75"
"X:120832109-120836636","Pcdh11x","Reverse","2659","7168","4546","3087","0.0","83.74"
"X:19123658-19128253","","Forward","2585","7168","4621","3085","0.0","83.60"
"X:82263254-82267855","","Forward","2585","7168","4623","3085","0.0","83.60"
"X:92573369-92577972","Mageb18","Reverse","2585","7168","4631","3085","0.0","83.59"
"X:93610952-93615473","Pola1","Reverse","2656","7168","4554","3085","0.0","83.68"
"X:143973127-143977698","","Forward","2585","7140","4597","3085","0.0","83.64"
"X:161668975-161673578","","Forward","2584","7168","4632","3085","0.0","83.59"
"X:37532602-37537129","Rhox2e","Forward","2661","7168","4546","3083","0.0","83.74"
"X:92918275-92922868","","Reverse","2585","7158","4614","3083","0.0","83.62"
"X:30113728-30118255","","Forward","2659","7168","4545","3081","0.0","83.72"
"X:32059945-32064471","","Reverse","2659","7168","4544","3081","0.0","83.71"
"X:44388429-44393030","","Reverse","2585","7168","4621","3081","0.0","83.57"
"X:66610096-66614623","","Reverse","2659","7168","4545","3081","0.0","83.72"
"X:75714086-75718895","4933407K13Rik","Reverse","2298","7091","4831","3081","0.0","83.19"
"X:79855611-79860212","","Forward","2585","7168","4621","3081","0.0","83.62"
"X:126197103-126201630","","Reverse","2659","7168","4545","3081","0.0","83.72"
"X:145902648-145907250","","Forward","2585","7168","4622","3081","0.0","83.62"
"X:69464932-69469531","Aff2","Forward","2585","7168","4622","3079","0.0","83.58"
"X:70066622-70071223","1700111N16Rik","Forward","2585","7168","4622","3079","0.0","83.58"
"X:103121343-103125943","","Reverse","2585","7168","4621","3079","0.0","83.60"
"X:145712157-145716759","","Forward","2585","7168","4625","3079","0.0","83.61"
"X:56117995-56122576","","Forward","2588","7168","4614","3077","0.0","83.55"
"X:114533626-114538226","Klhl4","Forward","2585","7168","4622","3077","0.0","83.58"
"X:125938661-125943131","","Reverse","2709","7168","4488","3077","0.0","83.85"
"X:157772757-157777325","Gm15169","Reverse","2589","7168","4606","3077","0.0","83.56"
"X:162326423-162331005","","Forward","2584","7168","4623","3077","0.0","83.50"
"X:10403711-10408181","","Forward","2709","7168","4489","3075","0.0","83.87"
"X:14192447-14196972","","Reverse","2661","7168","4544","3075","0.0","83.74"
"X:68607865-68612481","","Forward","2575","7168","4641","3075","0.0","83.49"
"X:90525477-90530078","","Forward","2585","7168","4624","3075","0.0","83.56"
"X:137413077-137417600","","Reverse","2659","7168","4546","3075","0.0","83.72"
"X:22645627-22650154","","Reverse","2659","7168","4545","3073","0.0","83.70"
"X:29153058-29157585","","Reverse","2659","7168","4545","3073","0.0","83.70"
"X:61441725-61446252","","Reverse","2659","7168","4545","3073","0.0","83.70"
"X:63510769-63515296","","Reverse","2659","7168","4545","3073","0.0","83.70"
"X:79787639-79792109","","Reverse","2709","7168","4490","3073","0.0","83.88"
"X:109825431-109830032","","Forward","2585","7168","4621","3073","0.0","83.55"
"X:124551018-124555545","","Reverse","2659","7168","4547","3073","0.0","83.70"
"X:125626538-125631065","","Reverse","2659","7168","4547","3073","0.0","83.70"
"X:128905514-128910041","","Forward","2659","7168","4545","3073","0.0","83.70"
"X:139458276-139462874","","Forward","2585","7168","4622","3073","0.0","83.56"
"X:46543717-46548317","Gm29242","Reverse","2585","7168","4621","3071","0.0","83.55"
"X:8998026-9002627","","Forward","2585","7168","4625","3070","0.0","83.57"
"X:16592112-16596582","","Reverse","2709","7168","4488","3070","0.0","83.82"
"X:106325074-106329665","","Forward","2585","7168","4621","3070","0.0","83.53"
"X:161623816-161628397","","Reverse","2585","7140","4605","3070","0.0","83.56"
"X:50055381-50059974","","Forward","2585","7158","4616","3068","0.0","83.56"
"X:59723204-59727804","","Forward","2585","7168","4623","3068","0.0","83.54"
"X:72614627-72619152","Gabra3","Reverse","2661","7168","4544","3068","0.0","83.71"
"X:87460636-87465161","Il1rapl1","Forward","2661","7168","4544","3068","0.0","83.71"
"X:93722410-93727029","Pcyt1b","Forward","2585","7168","4642","3068","0.0","83.46"
"X:97606192-97610717","","Reverse","2661","7168","4544","3068","0.0","83.71"
"X:107516922-107521447","","Reverse","2661","7168","4544","3068","0.0","83.71"
"X:11146458-11151060","","Reverse","2585","7168","4622","3066","0.0","83.54"
"X:28152798-28157325","","Reverse","2659","7168","4545","3066","0.0","83.67"
"X:30706807-30711334","","Reverse","2659","7168","4545","3066","0.0","83.67"
"X:34864055-34868582","","Forward","2659","7168","4545","3066","0.0","83.67"
"X:84539773-84544298","Dmd","Forward","2661","7168","4545","3066","0.0","83.72"
"X:44263075-44267596","","Forward","2585","7091","4545","3064","0.0","83.67"
"X:55552946-55556494","Gm16404","Forward","1415","4949","3580","3064","0.0","85.81"
"X:129277004-129281499","","Reverse","2594","7088","4531","3064","0.0","83.71"
"X:131470561-131475161","","Reverse","2585","7168","4623","3064","0.0","83.52"
"X:164707937-164712537","","Reverse","2585","7168","4621","3064","0.0","83.55"
"X:168922655-168927256","Arhgap6","Forward","2585","7168","4622","3064","0.0","83.56"
"X:40866223-40870795","","Reverse","2585","7140","4594","3062","0.0","83.59"
"X:49695487-49699956","","Reverse","2709","7168","4487","3062","0.0","83.80"
"X:61553896-61558494","","Forward","2585","7168","4624","3062","0.0","83.59"
"X:69574465-69578937","Aff2","Reverse","2709","7168","4492","3062","0.0","83.84"
"X:129807187-129811791","Diaph2","Reverse","2585","7168","4630","3062","0.0","83.48"
"X:45533216-45537818","","Reverse","2585","7168","4623","3060","0.0","83.54"
"X:80817112-80821639","","Reverse","2659","7168","4546","3060","0.0","83.66"
"X:169286761-169291286","Arhgap6, Hccs","Reverse","2661","7168","4544","3060","0.0","83.69"
"X:26496968-26501569","","Forward","2585","7168","4621","3058","0.0","83.51"
"X:54755428-54760029","","Forward","2585","7168","4621","3058","0.0","83.51"
"X:126486768-126491370","","Forward","2585","7168","4622","3058","0.0","83.51"
"X:101019100-101023687","Tex11","Reverse","2594","7168","4615","3056","0.0","83.55"
"X:105021686-105026133","","Reverse","2659","7088","4466","3056","0.0","83.81"
"X:122869012-122873585","","Reverse","2584","7140","4599","3056","0.0","83.56"
"X:147302451-147306977","","Reverse","2659","7168","4545","3056","0.0","83.65"
"X:18361897-18366498","","Forward","2585","7168","4621","3054","0.0","83.53"
"X:41745671-41750192","","Reverse","2585","7088","4543","3054","0.0","83.67"
"X:84130686-84135278","Dmd","Forward","2585","7168","4622","3054","0.0","83.51"
"X:91158393-91162992","","Reverse","2585","7168","4623","3054","0.0","83.52"
"X:109834254-109838699","","Reverse","2661","7088","4463","3054","0.0","83.82"
"X:141832418-141837023","","Reverse","2588","7168","4626","3054","0.0","83.48"
"X:6712700-6717025","","Forward","2853","7168","4354","3052","0.0","84.04"
"X:44656452-44661050","","Forward","2585","7168","4621","3052","0.0","83.53"
"X:50085337-50089862","","Reverse","2661","7168","4544","3052","0.0","83.67"
"X:97051188-97055684","","Reverse","2659","7140","4517","3052","0.0","83.71"
"X:98584578-98589182","Ophn1","Reverse","2584","7168","4628","3052","0.0","83.49"
"X:112429762-112434363","","Forward","2585","7168","4624","3052","0.0","83.48"
"X:130756546-130761071","","Forward","2661","7168","4544","3052","0.0","83.67"
"X:51257203-51261761","","Reverse","2585","7140","4596","3050","0.0","83.53"
"X:79922669-79927257","","Reverse","2585","7140","4610","3050","0.0","83.43"
"X:112578017-112582639","","Forward","2588","7168","4645","3050","0.0","83.36"
"X:131808484-131813073","","Reverse","2585","7158","4611","3050","0.0","83.52"
"X:165791214-165795804","","Forward","2585","7158","4616","3050","0.0","83.51"
"X:53796572-53799737","Xlr","Reverse","7552","10666","3207","3048","0.0","86.56"
"X:108072639-108077165","","Reverse","2659","7168","4545","3048","0.0","83.63"
"X:111044202-111048803","","Forward","2585","7168","4622","3048","0.0","83.49"
"X:41771168-41775689","","Forward","2585","7088","4543","3046","0.0","83.65"
"X:96405289-96409807","Hsf3","Reverse","2659","7158","4540","3046","0.0","83.63"
"X:97894379-97898965","","Reverse","2585","7168","4622","3046","0.0","83.45"
"X:105249811-105254371","","Forward","2578","7129","4588","3046","0.0","83.50"
"X:147289326-147293926","","Reverse","2585","7168","4622","3046","0.0","83.49"
"X:163467911-163472523","","Forward","2584","7168","4635","3046","0.0","83.41"
"X:16293703-16298305","","Forward","2585","7168","4623","3044","0.0","83.47"
"X:47438070-47442595","","Reverse","2661","7168","4544","3044","0.0","83.65"
"X:66496756-66501281","","Reverse","2661","7168","4544","3044","0.0","83.65"
"X:117090772-117095297","","Reverse","2661","7168","4544","3044","0.0","83.65"
"X:150021325-150025851","","Reverse","2659","7168","4545","3044","0.0","83.63"
"X:18585564-18590085","","Reverse","2585","7088","4543","3042","0.0","83.65"
"X:29772999-29777498","","Forward","2659","7140","4517","3042","0.0","83.66"
"X:110387086-110391659","","Forward","2585","7141","4596","3042","0.0","83.55"
"X:164473326-164477922","","Forward","2585","7168","4620","3042","0.0","83.48"
"X:13968937-13973442","","Forward","2599","7088","4528","3040","0.0","83.64"
"X:27796278-27800805","","Reverse","2659","7168","4546","3040","0.0","83.61"
"X:28804036-28808563","","Reverse","2659","7168","4546","3040","0.0","83.61"
"X:45623117-45627719","","Reverse","2585","7168","4622","3038","0.0","83.45"
"X:57573462-57577972","","Forward","2594","7088","4539","3038","0.0","83.59"
"X:67374048-67378575","","Forward","2661","7168","4549","3038","0.0","83.64"
"X:132578796-132583316","","Reverse","2585","7088","4540","3038","0.0","83.61"
"X:9390671-9395192","","Reverse","2585","7088","4540","3036","0.0","83.61"
"X:15488205-15492726","","Reverse","2585","7088","4540","3036","0.0","83.63"
"X:16211443-16216041","","Reverse","2585","7168","4623","3036","0.0","83.47"
"X:16472406-16476935","","Reverse","2575","7088","4550","3036","0.0","83.58"
"X:21255271-21259796","","Forward","2661","7168","4544","3036","0.0","83.63"
"X:39070705-39075305","","Reverse","2585","7168","4627","3036","0.0","83.44"
"X:50460761-50465277","","Forward","2588","7088","4536","3036","0.0","83.60"
"X:98498242-98502831","","Reverse","2585","7168","4624","3036","0.0","83.46"
"X:114103096-114107711","","Reverse","2585","7183","4637","3036","0.0","83.44"
"X:118837495-118842085","","Reverse","2585","7158","4611","3036","0.0","83.47"
"X:16869761-16874363","","Reverse","2585","7168","4622","3034","0.0","83.45"
"X:65886772-65891368","","Reverse","2585","7168","4626","3034","0.0","83.46"
"X:112226584-112231177","Gm45194","Reverse","2585","7168","4625","3034","0.0","83.48"
"X:32199355-32203873","","Reverse","2578","7088","4546","3032","0.0","83.63"
"X:122061720-122066290","","Forward","2585","7141","4594","3032","0.0","83.48"
"X:133134185-133138785","","Reverse","2585","7168","4621","3032","0.0","83.49"
"X:80379825-80384428","","Reverse","2585","7168","4625","3030","0.0","83.46"
"X:136498803-136503390","Kir3dl2","Reverse","2585","7168","4623","3030","0.0","83.41"
"X:22038282-22042886","","Reverse","2585","7168","4627","3028","0.0","83.44"
"X:74866642-74871167","","Reverse","2661","7168","4544","3028","0.0","83.60"
"X:136968384-136972899","Tmsb15l, Tmsb15b2","Reverse","2588","7088","4535","3028","0.0","83.59"
"X:14811907-14816508","Gm14505","Forward","2585","7168","4621","3026","0.0","83.45"
"X:55885587-55890188","","Reverse","2585","7168","4625","3026","0.0","83.48"
"X:132563834-132568333","","Reverse","2659","7141","4520","3026","0.0","83.63"
"X:156656029-156660602","","Forward","2585","7140","4595","3026","0.0","83.48"
"X:157128845-157133377","","Reverse","2656","7168","4551","3026","0.0","83.56"
"X:159130064-159134665","","Reverse","2585","7168","4625","3026","0.0","83.44"
"X:165736959-165741558","","Reverse","2585","7168","4621","3026","0.0","83.45"
"X:32477838-32482347","","Reverse","2588","7088","4537","3024","0.0","83.62"
"X:112938012-112942616","","Forward","2584","7168","4630","3024","0.0","83.39"
"X:8656528-8661126","","Forward","2585","7168","4620","3022","0.0","83.42"
"X:18540641-18545162","","Reverse","2585","7088","4543","3022","0.0","83.60"
"X:87256221-87260743","Il1rapl1","Reverse","2659","7168","4546","3022","0.0","83.55"
"X:63854002-63858603","","Reverse","2585","7168","4624","3020","0.0","83.43"
"X:80140717-80145238","","Reverse","2585","7088","4540","3020","0.0","83.59"
"X:95276648-95281171","","Reverse","2585","7088","4544","3020","0.0","83.54"
"X:115144811-115149410","","Reverse","2585","7168","4622","3020","0.0","83.45"
"X:126855331-126859925","","Forward","2585","7163","4620","3020","0.0","83.42"
"X:143600411-143604762","Pak3","Reverse","2817","7168","4377","3018","0.0","83.87"
"X:16441664-16446256","","Reverse","2585","7158","4613","3016","0.0","83.42"
"X:67673244-67677832","","Reverse","2585","7168","4623","3016","0.0","83.43"
"X:80824878-80829475","","Forward","2588","7168","4619","3016","0.0","83.44"
"X:150067932-150072532","","Reverse","2585","7168","4623","3016","0.0","83.39"
"X:40476821-40481425","","Forward","2585","7168","4629","3012","0.0","83.39"
"X:82389724-82394321","","Forward","2585","7168","4620","3012","0.0","83.40"
"X:122275105-122279703","","Reverse","2585","7168","4623","3012","0.0","83.39"
"X:130850998-130855465","","Forward","2728","7177","4486","3012","0.0","83.66"
"X:142292972-142297495","","Reverse","2638","7140","4545","3012","0.0","83.39"
"X:39806828-39811431","","Reverse","2585","7168","4629","3010","0.0","83.39"
"X:44236943-44241533","","Reverse","2585","7158","4614","3010","0.0","83.42"
"X:9361313-9365920","","Reverse","2588","7168","4633","3008","0.0","83.32"
"X:80765162-80769762","","Reverse","2585","7168","4621","3008","0.0","83.38"
"X:155018672-155023272","","Reverse","2585","7168","4621","3008","0.0","83.40"
"X:161640006-161644601","","Reverse","2585","7168","4626","3008","0.0","83.35"
"X:163076622-163081031","","Forward","2585","6971","4443","3008","0.0","83.46"
"X:165474645-165479250","","Forward","2585","7168","4630","3008","0.0","83.41"
"X:44417136-44421658","","Forward","2585","7091","4551","3006","0.0","83.54"
"X:78025837-78030438","","Forward","2585","7168","4623","3006","0.0","83.39"
"X:108567912-108572489","Gm379","Reverse","2585","7140","4597","3006","0.0","83.40"
"X:128795918-128800519","","Reverse","2585","7168","4623","3006","0.0","83.41"
"X:164751462-164756062","","Reverse","2585","7168","4622","3006","0.0","83.38"
"X:43625373-43629703","","Reverse","2659","6971","4348","3004","0.0","83.88"
"X:44733676-44738266","","Reverse","2585","7158","4611","3004","0.0","83.39"
"X:107077711-107082228","","Reverse","2588","7088","4537","3004","0.0","83.49"
"X:119569843-119574443","","Reverse","2585","7168","4623","3004","0.0","83.41"
"X:169389693-169394264","","Reverse","2583","7140","4600","3004","0.0","83.41"
"X:79538669-79543269","","Forward","2585","7168","4624","3002","0.0","83.39"
"X:46817352-46821940","","Reverse","2594","7168","4610","3000","0.0","83.38"
"X:115157154-115161756","","Reverse","2585","7168","4625","3000","0.0","83.35"
"X:116714272-116718661","","Forward","2709","7088","4409","2998","0.0","83.78"
"X:153572111-153576460","","Forward","2585","6934","4387","2998","0.0","83.68"
"X:57819922-57824326","","Forward","2585","6971","4423","2994","0.0","83.70"
"X:148772977-148777578","","Reverse","2585","7168","4627","2994","0.0","83.34"
"X:38976361-38980886","","Reverse","2659","7168","4546","2992","0.0","83.50"
"X:41095514-41100114","","Reverse","2585","7168","4623","2992","0.0","83.34"
"X:98465416-98470012","","Reverse","2585","7168","4621","2992","0.0","83.34"
"X:105297399-105301931","","Reverse","2594","7140","4582","2992","0.0","83.37"
"X:40590224-40594755","","Forward","2659","7168","4559","2990","0.0","83.46"
"X:64031140-64035740","","Forward","2585","7168","4622","2990","0.0","83.34"
"X:147659157-147663746","","Forward","2594","7158","4612","2990","0.0","83.39"
"X:62895351-62899952","","Reverse","2585","7168","4622","2988","0.0","83.34"
"X:76554752-76559276","","Forward","2659","7168","4547","2988","0.0","83.48"
"X:129433923-129438446","","Reverse","2585","7088","4542","2988","0.0","83.49"
"X:169623621-169628461","","Reverse","2301","7140","4877","2988","0.0","82.86"
"X:40634030-40638620","","Forward","2578","7168","4629","2986","0.0","83.26"
"X:79610824-79615426","","Forward","2585","7168","4626","2986","0.0","83.33"
"X:85397021-85401596","","Reverse","2588","7163","4611","2986","0.0","83.30"
"X:156440019-156444593","","Reverse","2584","7141","4602","2986","0.0","83.38"
"X:88348068-88352661","","Reverse","2585","7158","4624","2985","0.0","83.35"
"X:95334717-95339232","","Reverse","2670","7168","4541","2985","0.0","83.46"
"X:165411923-165416387","","Reverse","2709","7168","4489","2985","0.0","83.60"
"X:40114323-40118924","Gm14643","Forward","2585","7168","4623","2983","0.0","83.32"
"X:107958878-107963470","","Reverse","2585","7168","4622","2983","0.0","83.25"
"X:15903350-15907871","","Forward","2585","7088","4546","2981","0.0","83.46"
"X:95754010-95758595","Zc3h12b","Forward","2585","7168","4620","2981","0.0","83.23"
"X:154025085-154029607","Samt1b","Reverse","2588","7088","4542","2977","0.0","83.44"
"X:16397076-16401658","","Forward","2585","7158","4618","2975","0.0","83.26"
"X:50342959-50347560","","Reverse","2585","7168","4625","2975","0.0","83.33"
"X:107981191-107985765","","Forward","2585","7141","4595","2975","0.0","83.33"
"X:110898186-110902772","","Reverse","2584","7168","4629","2975","0.0","83.24"
"X:116489098-116493624","","Reverse","2659","7168","4550","2975","0.0","83.45"
"X:122003108-122007624","","Reverse","2588","7097","4546","2975","0.0","83.39"
"X:122705138-122709662","","Reverse","2588","7088","4549","2975","0.0","83.40"
"X:126641133-126645651","","Forward","2588","7088","4543","2975","0.0","83.43"
"X:68874284-68878878","","Forward","2585","7168","4621","2973","0.0","83.29"
"X:100259900-100264483","Eda","Reverse","2584","7163","4614","2973","0.0","83.29"
"X:97221459-97225976","","Forward","2594","7091","4533","2971","0.0","83.41"
"X:157101322-157105913","","Reverse","2585","7168","4623","2971","0.0","83.26"
"X:44105436-44109962","","Forward","2585","7088","4545","2969","0.0","83.41"
"X:98425097-98429609","","Forward","2585","7088","4541","2969","0.0","83.42"
"X:44115209-44119806","","Forward","2585","7168","4621","2967","0.0","83.29"
"X:59260849-59265372","Fgf13","Forward","2584","7104","4559","2965","0.0","83.33"
"X:108581476-108586057","Gm379","Forward","2585","7140","4602","2965","0.0","83.31"
"X:26345754-26350350","","Reverse","2585","7168","4624","2963","0.0","83.30"
"X:80982413-80986817","","Reverse","2585","6971","4429","2963","0.0","83.63"
"X:96533888-96538412","Heph","Forward","2585","7088","4544","2963","0.0","83.41"
"X:107500001-107504546","","Reverse","2584","7127","4577","2963","0.0","83.31"
"X:154046291-154050819","Samt1c","Reverse","2588","7088","4547","2963","0.0","83.37"
"X:55703640-55706592","Gm14622","Forward","5055","8013","2980","2961","0.0","87.55"
"X:115559987-115564588","","Reverse","2585","7168","4630","2961","0.0","83.33"
"X:116206463-116211037","","Reverse","2585","7140","4597","2961","0.0","83.32"
"X:126327764-126332368","","Forward","2585","7168","4631","2961","0.0","83.24"
"X:146238419-146242897","","Reverse","2585","7051","4506","2961","0.0","83.49"
"X:5330507-5335022","","Reverse","2585","7081","4534","2959","0.0","83.44"
"X:10016121-10020639","","Forward","2589","7091","4543","2959","0.0","83.43"
"X:50513362-50517844","","Reverse","2709","7168","4504","2959","0.0","83.46"
"X:75952532-75957045","","Reverse","2585","7088","4543","2959","0.0","83.38"
"X:77895318-77899935","","Forward","2585","7168","4643","2959","0.0","83.14"
"X:149854547-149859149","","Reverse","2585","7168","4622","2959","0.0","83.25"
"X:58339782-58344382","","Forward","2585","7168","4625","2957","0.0","83.24"
"X:66230902-66235422","","Forward","2585","7088","4541","2957","0.0","83.35"
"X:129397271-129401791","","Forward","2585","7088","4545","2957","0.0","83.41"
"X:142260544-142265073","","Forward","2584","7104","4563","2957","0.0","83.30"
"X:156015675-156020263","Gm15155","Forward","2588","7168","4623","2955","0.0","83.26"
"X:20180034-20184611","Slc9a7","Reverse","2584","7168","4629","2953","0.0","83.13"
"X:75479105-75483972","Gm15385","Reverse","2297","7140","4898","2953","0.0","82.71"
"X:77060451-77065028","","Forward","2585","7140","4606","2953","0.0","83.26"
"X:137385308-137389873","","Forward","2584","7140","4595","2953","0.0","83.31"
"X:68265027-68269634","","Reverse","2585","7168","4633","2951","0.0","83.23"
"X:108116441-108121043","","Forward","2585","7168","4624","2951","0.0","83.24"
"X:142145741-142150263","Gucy2f","Reverse","2585","7088","4542","2951","0.0","83.38"
"X:144908417-144912872","Rtl4","Reverse","2588","7026","4474","2951","0.0","83.48"
"X:154111938-154116462","Samt1d","Reverse","2588","7088","4545","2951","0.0","83.37"
"X:18626783-18631378","","Reverse","2585","7168","4628","2949","0.0","83.23"
"X:30926478-30931078","","Reverse","2585","7168","4625","2949","0.0","83.22"
"X:70661150-70665673","","Forward","2585","7088","4546","2949","0.0","83.35"
"X:76341156-76345672","","Reverse","2588","7088","4534","2949","0.0","83.35"
"X:14877694-14882291","","Reverse","2588","7168","4622","2947","0.0","83.25"
"X:16307018-16311543","","Reverse","2659","7168","4555","2947","0.0","83.32"
"X:68371514-68376083","","Reverse","2594","7140","4598","2947","0.0","83.25"
"X:45892350-45896932","","Forward","2599","7168","4615","2945","0.0","83.32"
"X:56039739-56044260","","Forward","2585","7088","4546","2945","0.0","83.35"
"X:67344104-67348694","","Reverse","2585","7168","4625","2945","0.0","83.14"
"X:104826617-104831187","1700121L16Rik","Reverse","2584","7140","4600","2945","0.0","83.28"
"X:78976235-78980754","","Reverse","2659","7168","4553","2943","0.0","83.37"
"X:128878912-128883434","","Reverse","2585","7088","4546","2943","0.0","83.33"
"X:154003895-154008422","Samt1","Reverse","2588","7088","4546","2943","0.0","83.33"
"X:18123540-18128061","","Forward","2584","7091","4544","2941","0.0","83.36"
"X:23607399-23611993","","Forward","2584","7158","4624","2941","0.0","83.24"
"X:35316626-35321226","Gm14553","Forward","2585","7168","4625","2941","0.0","83.20"
"X:39682693-39687213","","Reverse","2588","7091","4543","2941","0.0","83.31"
"X:69247896-69252403","","Reverse","2585","7088","4544","2941","0.0","83.34"
"X:80366305-80370912","","Forward","2585","7168","4628","2941","0.0","83.19"
"X:132793073-132797588","","Reverse","2585","7088","4540","2941","0.0","83.39"
"X:27241302-27245901","","Reverse","2585","7168","4625","2939","0.0","83.20"
"X:64540333-64544937","","Reverse","2585","7168","4626","2939","0.0","83.20"
"X:64676437-64680912","","Reverse","2585","7043","4494","2939","0.0","83.42"
"X:68904250-68908775","","Forward","2588","7091","4547","2939","0.0","83.29"
"X:104793250-104797751","","Reverse","2588","7091","4541","2939","0.0","83.31"
"X:27048979-27053548","","Reverse","2585","7140","4596","2937","0.0","83.29"
"X:29494716-29499285","","Reverse","2585","7140","4596","2937","0.0","83.29"
"X:39366023-39370418","","Reverse","2585","6971","4427","2937","0.0","83.51"
"X:122180705-122185228","","Reverse","2585","7088","4544","2937","0.0","83.34"
"X:18555548-18560065","","Forward","2585","7088","4541","2935","0.0","83.33"
"X:32658257-32662829","","Forward","2585","7141","4599","2935","0.0","83.28"
"X:114606561-114611080","","Forward","2585","7088","4543","2935","0.0","83.36"
"X:30242141-30246741","","Forward","2585","7168","4625","2933","0.0","83.18"
"X:118701297-118705899","","Forward","2585","7168","4624","2931","0.0","83.17"
"X:57476199-57480789","Gm364","Forward","2585","7168","4621","2929","0.0","83.21"
"X:114704267-114708792","","Forward","2585","7088","4549","2927","0.0","83.34"
"X:117120324-117124698","","Reverse","2725","7088","4392","2927","0.0","83.61"
"X:156869750-156874347","","Reverse","2599","7168","4618","2925","0.0","83.15"
"X:17666397-17670936","","Reverse","2584","7129","4587","2923","0.0","83.17"
"X:168343103-168347719","Frmpd4","Reverse","2589","7183","4653","2923","0.0","83.02"
"X:17614798-17619388","","Forward","2588","7168","4622","2921","0.0","83.19"
"X:119434639-119439230","","Forward","2585","7168","4622","2921","0.0","83.12"
"X:19740959-19746087","","Reverse","2028","7168","5197","2919","0.0","82.14"
"X:22350376-22354943","","Reverse","2584","7141","4605","2919","0.0","83.19"
"X:78632221-78636756","","Reverse","2585","7088","4558","2917","0.0","83.22"
"X:91728596-91733115","","Forward","2585","7088","4542","2917","0.0","83.29"
"X:166987611-166992155","","Reverse","2588","7088","4562","2917","0.0","83.10"
"X:14453763-14458355","","Forward","2584","7168","4620","2913","0.0","83.10"
"X:57717412-57722016","","Forward","2584","7168","4628","2913","0.0","83.08"
"X:77243461-77248068","","Reverse","2584","7168","4635","2913","0.0","83.04"
"X:120471541-120476060","Pcdh11x","Reverse","2585","7088","4542","2913","0.0","83.29"
"X:122979455-122984051","","Forward","2584","7168","4620","2913","0.0","83.14"
"X:143998849-144003411","","Forward","2584","7141","4595","2913","0.0","83.11"
"X:103101046-103105483","","Forward","2660","7091","4463","2911","0.0","83.37"
"X:65988586-65993188","","Reverse","2585","7168","4633","2909","0.0","83.19"
"X:113196165-113200698","","Forward","2585","7088","4556","2909","0.0","83.25"
"X:17442942-17447503","","Reverse","2584","7129","4591","2907","0.0","83.16"
"X:164605513-164610028","","Forward","2589","7091","4546","2907","0.0","83.30"
"X:14586601-14591139","","Reverse","2659","7168","4561","2905","0.0","83.21"
"X:22981518-22986408","","Reverse","2251","7140","4935","2905","0.0","82.59"
"X:75017031-75021666","Gab3","Reverse","2297","6926","4671","2903","0.0","82.92"
"X:24618311-24622909","","Reverse","2585","7168","4623","2902","0.0","83.13"
"X:41268973-41273572","","Reverse","2585","7168","4634","2902","0.0","83.10"
"X:92602533-92606992","","Reverse","2659","7104","4485","2900","0.0","83.34"
"X:132649385-132653901","","Forward","2585","7088","4542","2900","0.0","83.22"
"X:18935170-18939355","","Forward","2659","6827","4201","2898","0.0","83.86"
"X:102967828-102972425","","Reverse","2584","7168","4623","2898","0.0","83.08"
"X:106318372-106322901","","Forward","2585","7091","4556","2896","0.0","83.17"
"X:153995316-153999839","","Forward","2585","7088","4547","2896","0.0","83.18"
"X:158815573-158820171","","Reverse","2585","7168","4634","2896","0.0","83.06"
"X:79288469-79293057","Cfap47","Reverse","2585","7168","4625","2894","0.0","83.03"
"X:18025445-18029954","","Forward","2594","7088","4532","2892","0.0","83.25"
"X:80467950-80472106","","Reverse","3021","7168","4174","2892","0.0","83.95"
"X:115307396-115311901","","Reverse","2659","7163","4542","2892","0.0","83.14"
"X:138193924-138198516","Il1rapl2","Reverse","2584","7168","4629","2892","0.0","83.00"
"X:143936277-143940823","","Forward","2585","7129","4587","2892","0.0","83.13"
"X:54720521-54723023","Gm14595","Forward","10827","13340","2535","2890","0.0","89.43"
"X:55804006-55806508","Gm6664","Forward","10827","13340","2535","2890","0.0","89.43"
"X:109178070-109182508","Sh3bgrl","Forward","2661","7088","4467","2890","0.0","83.30"
"X:118390917-118395438","","Forward","2585","7088","4546","2890","0.0","83.17"
"X:54818300-54820801","Gm14590","Forward","10827","13340","2535","2888","0.0","89.43"
"X:65994793-65999387","","Reverse","2585","7168","4622","2888","0.0","83.06"
"X:25967607-25972177","","Forward","2585","7141","4596","2886","0.0","83.14"
"X:45101864-45106374","","Reverse","2585","7079","4536","2886","0.0","83.25"
"X:103031763-103036357","","Forward","2588","7168","4622","2886","0.0","83.06"
"X:55465472-55469977","","Forward","2585","7088","4547","2884","0.0","83.04"
"X:82041190-82045647","","Reverse","2728","7168","4476","2884","0.0","83.33"
"X:163488108-163492852","","Reverse","2413","7163","4795","2884","0.0","82.75"
"X:166157375-166162185","","Reverse","2297","7104","4864","2884","0.0","82.59"
"X:6504136-6508942","Shroom4","Forward","2297","7088","4841","2882","0.0","82.75"
"X:129175611-129180488","","Forward","2298","7168","4913","2882","0.0","82.60"
"X:54538523-54541024","Gm16405","Forward","10827","13340","2535","2880","0.0","89.39"
"X:54629526-54632027","Gm16430","Forward","10827","13340","2535","2880","0.0","89.39"
"X:90308252-90312759","","Forward","2585","7088","4543","2880","0.0","83.12"
"X:19971564-19976150","","Reverse","2589","7163","4630","2878","0.0","82.92"
"X:112164442-112168995","Gm45194","Forward","2585","7127","4581","2878","0.0","83.10"
"X:155446130-155450713","","Reverse","2584","7140","4613","2878","0.0","83.07"
"X:130793743-130798100","","Forward","2594","6936","4384","2876","0.0","83.49"
"X:19779515-19784030","","Forward","2585","7088","4542","2874","0.0","83.16"
"X:55234239-55236741","Slxl1","Forward","10827","13340","2535","2874","0.0","89.35"
"X:91874721-91879308","","Reverse","2585","7168","4626","2874","0.0","83.03"
"X:109475003-109479605","","Reverse","2585","7168","4633","2874","0.0","82.97"
"X:54447517-54450018","Gm14594","Forward","10827","13340","2535","2872","0.0","89.35"
"X:55102962-55105463","Gm7958","Forward","10827","13340","2535","2872","0.0","89.35"
"X:118943238-118947838","","Reverse","2585","7168","4631","2870","0.0","83.03"
"X:50248838-50253358","","Reverse","2588","7088","4556","2866","0.0","83.01"
"X:61939023-61943136","","Reverse","2659","6757","4129","2866","0.0","83.92"
"X:106392483-106396918","","Forward","2672","7088","4449","2866","0.0","83.25"
"X:8429948-8434187","","Forward","2940","7168","4258","2864","0.0","83.72"
"X:15342733-15347284","","Reverse","2584","7138","4592","2864","0.0","83.04"
"X:32014828-32019397","","Forward","2585","7141","4598","2864","0.0","83.04"
"X:109872086-109876615","","Reverse","2575","7088","4551","2864","0.0","83.10"
"X:114178980-114183583","","Reverse","2585","7168","4627","2864","0.0","82.97"
"X:140229538-140234093","Gm15046","Forward","2584","7141","4611","2864","0.0","82.91"
"X:18511949-18516433","","Forward","2709","7168","4509","2862","0.0","83.17"
"X:10936700-10941284","","Forward","2585","7168","4622","2860","0.0","82.97"
"X:106561425-106565931","","Reverse","2585","7088","4546","2860","0.0","83.04"
"X:138652546-138657121","Il1rapl2","Reverse","2588","7168","4619","2858","0.0","82.90"
"X:54356450-54358951","Gm14596","Forward","10827","13340","2535","2856","0.0","89.27"
"X:55026622-55029123","Gm7950","Forward","10827","13340","2535","2856","0.0","89.27"
"X:26802077-26806651","","Reverse","2585","7141","4596","2854","0.0","83.03"
"X:105584224-105588817","","Reverse","2588","7168","4617","2854","0.0","82.93"
"X:25680315-25684916","","Reverse","2585","7168","4625","2852","0.0","83.01"
"X:32690208-32694780","","Forward","2585","7141","4600","2850","0.0","82.98"
"X:14517663-14522167","","Forward","2588","7088","4535","2848","0.0","83.09"
"X:25420026-25424628","","Reverse","2585","7168","4624","2848","0.0","82.98"
"X:118660506-118665080","","Forward","2585","7141","4599","2848","0.0","83.00"
"X:133100677-133105147","","Forward","2673","7141","4503","2848","0.0","83.19"
"X:152839172-152843233","","Forward","2585","6632","4079","2848","0.0","83.97"
"X:148240055-148244570","","Forward","2585","7088","4541","2844","0.0","83.07"
"X:40022584-40026876","Gm14643","Forward","2659","6934","4313","2842","0.0","83.49"
"X:76547257-76551691","","Forward","2709","7140","4465","2842","0.0","83.23"
"X:147816808-147821325","Gm15128","Forward","2585","7091","4548","2840","0.0","83.03"
"X:148208059-148212577","Gm15107","Forward","2585","7091","4549","2840","0.0","83.03"
"X:78170362-78174914","","Reverse","2587","7127","4589","2836","0.0","82.98"
"X:95585240-95589826","","Reverse","2588","7168","4621","2836","0.0","82.93"
"X:118905579-118910175","","Reverse","2585","7168","4625","2834","0.0","82.94"
"X:150232939-150237458","","Forward","2585","7088","4544","2834","0.0","83.08"
"X:85810181-85814774","","Reverse","2588","7168","4624","2832","0.0","82.92"
"X:151952585-151956772","","Forward","2585","6757","4208","2832","0.0","83.70"
"X:31754633-31759123","","Forward","2659","7168","4547","2830","0.0","83.00"
"X:54128474-54131421","Gm16428","Forward","5055","8013","2979","2830","0.0","87.04"
"X:46990977-46995556","","Forward","2594","7168","4624","2828","0.0","82.83"
"X:54243424-54245927","Gm14598","Forward","10827","13340","2537","2828","0.0","89.08"
"X:100050178-100054759","Eda","Forward","2584","7140","4606","2828","0.0","82.91"
"X:136650754-136654717","Tceal3","Forward","2659","6603","3975","2826","0.0","84.08"
"X:147848799-147853313","","Forward","2585","7088","4541","2826","0.0","83.02"
"X:111809544-111813598","","Reverse","3112","7168","4086","2822","0.0","83.90"
"X:158950396-158954741","","Forward","2585","6913","4363","2822","0.0","83.36"
"X:19748507-19753354","","Forward","2297","7141","4888","2820","0.0","82.45"
"X:26638460-26642988","","Reverse","2659","7168","4552","2820","0.0","83.00"
"X:93566252-93570582","Pola1","Reverse","2820","7168","4375","2820","0.0","83.25"
"X:127528396-127532986","","Forward","2599","7168","4622","2820","0.0","82.91"
"X:33093815-33098329","","Forward","2585","7088","4541","2818","0.0","82.98"
"X:56204137-56208551","Gm773","Reverse","2728","7140","4444","2818","0.0","83.21"
"X:114657437-114661543","","Forward","2661","6752","4123","2818","0.0","83.82"
"X:5788886-5793434","","Reverse","2585","7141","4589","2817","0.0","82.81"
"X:8396040-8400552","","Reverse","2588","7091","4546","2817","0.0","83.02"
"X:63926482-63931046","","Forward","2585","7140","4604","2817","0.0","82.80"
"X:86665853-86670421","","Reverse","2584","7141","4598","2817","0.0","82.91"
"X:19510535-19515080","","Forward","2584","7140","4593","2815","0.0","82.97"
"X:44284189-44288431","","Forward","2659","6882","4262","2813","0.0","83.53"
"X:55317179-55319686","Gm6660","Forward","10827","13337","2542","2813","0.0","88.99"
"X:5769524-5773949","","Forward","2731","7144","4458","2811","0.0","83.13"
"X:25762602-25767202","","Reverse","2585","7168","4625","2811","0.0","82.88"
"X:68096379-68100775","","Forward","2659","7037","4416","2811","0.0","83.20"
"X:133346102-133350486","","Forward","2728","7091","4405","2811","0.0","83.25"
"X:62905448-62910052","","Reverse","2585","7168","4625","2807","0.0","82.83"
"X:79029528-79033591","","Reverse","2585","6632","4082","2807","0.0","83.90"
"X:113274419-113279030","","Forward","2584","7168","4640","2805","0.0","82.74"
"X:147931296-147935884","","Reverse","2594","7168","4621","2805","0.0","82.84"
"X:61295714-61300137","","Forward","2709","7129","4461","2803","0.0","83.14"
"X:62146513-62151047","","Reverse","2588","7104","4582","2803","0.0","82.93"
"X:77167976-77172535","","Reverse","2585","7140","4596","2803","0.0","82.88"
"X:58887798-58892367","","Forward","2584","7140","4604","2801","0.0","82.84"
"X:139157137-139161749","","Reverse","2584","7168","4637","2801","0.0","82.70"
"X:165730044-165734649","","Reverse","2584","7168","4627","2799","0.0","82.84"
"X:105571894-105576458","","Reverse","2588","7140","4597","2797","0.0","82.79"
"X:67023327-67027585","","Reverse","2920","7168","4276","2795","0.0","83.44"
"X:69036746-69041275","","Forward","2584","7104","4569","2795","0.0","82.95"
"X:92621237-92625895","","Reverse","2297","6926","4697","2795","0.0","82.54"
"X:108102076-108106663","","Reverse","2585","7158","4614","2795","0.0","82.86"
"X:111796481-111800998","","Forward","2588","7091","4557","2793","0.0","82.80"
"X:15264112-15268711","","Reverse","2585","7168","4624","2791","0.0","82.81"
"X:112031325-112035874","Gm45194, Tex16","Forward","2594","7141","4592","2791","0.0","82.82"
"X:17356623-17361221","","Forward","2584","7168","4627","2789","0.0","82.78"
"X:55437582-55440091","Gm14625","Forward","10827","13340","2545","2789","0.0","88.88"
"X:62990220-62994799","","Reverse","2594","7168","4616","2789","0.0","82.78"
"X:114252561-114257174","","Reverse","2587","7177","4634","2789","0.0","82.76"
"X:15067327-15071847","","Forward","2588","7091","4545","2787","0.0","82.88"
"X:23865319-23869838","","Forward","2589","7104","4558","2787","0.0","82.82"
"X:33465636-33470162","","Reverse","2585","7088","4549","2787","0.0","82.85"
"X:120986879-120991431","","Forward","2584","7127","4587","2787","0.0","82.80"
"X:121453805-121458162","","Reverse","2736","7088","4381","2787","0.0","83.20"
"X:149012622-149017212","","Reverse","2594","7168","4622","2787","0.0","82.80"
"X:59930822-59935182","","Reverse","2585","6926","4388","2785","0.0","83.18"
"X:68458646-68463158","","Reverse","2594","7091","4540","2785","0.0","82.91"
"X:78293652-78297763","","Reverse","2659","6757","4132","2785","0.0","83.74"
"X:150087269-150091779","","Reverse","2594","7088","4543","2785","0.0","82.96"
"X:24146239-24150766","","Forward","2659","7168","4547","2781","0.0","82.85"
"X:70254614-70258873","","Forward","2834","7088","4280","2781","0.0","83.36"
"X:165350179-165354721","","Forward","2584","7104","4589","2781","0.0","82.68"
"X:24697350-24701872","","Reverse","2659","7168","4547","2779","0.0","82.89"
"X:98019114-98023639","","Forward","2584","7088","4548","2777","0.0","82.89"
"X:3787954-3792231","","Reverse","2817","7088","4302","2775","0.0","83.31"
"X:5348236-5352825","","Forward","2594","7168","4615","2775","0.0","82.80"
"X:110990753-110995273","","Reverse","2585","7088","4543","2775","0.0","82.90"
"X:31300026-31304301","","Forward","2817","7088","4301","2773","0.0","83.31"
"X:33064780-33069368","","Forward","2594","7168","4611","2773","0.0","82.76"
"X:98591909-98595760","Ophn1","Reverse","2585","6424","3873","2773","0.0","84.25"
"X:163219975-163223908","","Forward","2659","6577","3948","2773","0.0","84.02"
"X:3824537-3829061","","Reverse","2585","7088","4547","2771","0.0","82.82"
"X:11067885-11072399","","Forward","2598","7129","4571","2771","0.0","82.70"
"X:38944131-38948743","6030498E09Rik","Forward","2584","7168","4634","2771","0.0","82.63"
"X:109308247-109312832","","Reverse","2588","7168","4627","2771","0.0","82.71"
"X:114757578-114762093","","Forward","2585","7088","4548","2771","0.0","82.85"
"X:148792214-148796803","","Reverse","2594","7168","4625","2771","0.0","82.81"
"X:160256969-160261516","","Forward","2584","7140","4609","2771","0.0","82.51"
"X:112812138-112816711","","Forward","2587","7158","4615","2769","0.0","82.73"
"X:82109119-82113688","","Reverse","2588","7127","4592","2767","0.0","82.75"
"X:103890117-103894115","","Forward","2589","6578","4029","2767","0.0","83.69"
"X:121374450-121378995","","Forward","2588","7088","4567","2767","0.0","82.72"
"X:146489529-146494024","","Forward","2659","7138","4534","2767","0.0","82.86"
"X:114680289-114684888","","Reverse","2585","7168","4629","2765","0.0","82.72"
"X:8567494-8572010","","Forward","2588","7091","4545","2763","0.0","82.88"
"X:121153978-121158333","","Reverse","2584","6926","4377","2763","0.0","83.16"
"X:154171196-154175715","","Forward","2588","7088","4551","2763","0.0","82.84"
"X:17049417-17053836","","Reverse","2728","7141","4455","2761","0.0","82.94"
"X:23191592-23195999","","Reverse","2719","7144","4453","2761","0.0","82.98"
"X:165816342-165820916","","Reverse","2594","7141","4594","2761","0.0","82.74"
"X:77962847-77967349","","Reverse","2588","7091","4539","2759","0.0","82.79"
"X:168686049-168690472","","Reverse","2728","7140","4444","2757","0.0","83.01"
"X:38891941-38896544","6030498E09Rik","Forward","2584","7168","4634","2753","0.0","82.63"
"X:149719891-149724279","","Reverse","2709","7088","4418","2753","0.0","83.07"
"X:4001310-4005586","","Forward","2817","7088","4301","2751","0.0","83.24"
"X:4764047-4768323","","Forward","2817","7088","4301","2751","0.0","83.24"
"X:29660954-29665518","","Forward","2585","7141","4598","2751","0.0","82.69"
"X:81196704-81200718","","Reverse","2586","6585","4033","2751","0.0","83.78"
"X:45372082-45376528","","Reverse","2659","7088","4466","2749","0.0","82.94"
"X:89312034-89316637","","Forward","2588","7168","4626","2749","0.0","82.71"
"X:139138058-139142015","","Reverse","2297","6240","3983","2749","0.0","83.86"
"X:155529294-155533851","","Reverse","2028","6630","4636","2749","0.0","82.48"
"X:68166330-68170889","","Reverse","2594","7141","4598","2747","0.0","82.75"
"X:118153074-118157578","","Forward","2660","7140","4530","2747","0.0","82.78"
"X:132518149-132522647","","Forward","2588","7088","4540","2747","0.0","82.78"
"X:111014464-111019039","","Forward","2588","7168","4618","2745","0.0","82.61"
"X:145584162-145587995","","Forward","2584","6403","3857","2745","0.0","84.16"
"X:45674128-45678704","","Forward","2585","7140","4605","2743","0.0","82.71"
"X:75626570-75631179","","Forward","2588","7169","4628","2743","0.0","82.63"
"X:108914058-108918023","2810403D21Rik","Forward","3130","7088","3982","2741","0.0","83.85"
"X:110033563-110038164","","Reverse","2593","7168","4633","2741","0.0","82.67"
"X:149384077-149388653","","Reverse","2594","7168","4611","2741","0.0","82.63"
"X:3264510-3269103","","Reverse","2594","7168","4618","2737","0.0","82.61"
"X:13945898-13950293","","Forward","2585","6971","4434","2737","0.0","82.97"
"X:33620846-33625122","","Forward","2817","7088","4300","2737","0.0","83.19"
"X:66265969-66269734","","Reverse","2585","6338","3787","2737","0.0","84.29"
"X:5538718-5543255","","Forward","2598","7129","4570","2735","0.0","82.74"
"X:15503118-15507713","","Forward","2584","7168","4621","2735","0.0","82.64"
"X:72932688-72936524","Nsdhl","Forward","2585","6406","3853","2735","0.0","84.12"
"X:108371678-108376249","","Reverse","2594","7168","4613","2735","0.0","82.64"
"X:110250462-110255025","","Forward","2584","7141","4592","2735","0.0","82.77"
"X:3489316-3493600","","Reverse","2817","7088","4302","2734","0.0","83.22"
"X:3511919-3516203","","Forward","2817","7088","4302","2734","0.0","83.22"
"X:17642008-17646162","","Forward","2585","6725","4175","2734","0.0","83.43"
"X:114830151-114834191","","Reverse","2585","6603","4065","2734","0.0","83.64"
"X:155047734-155052289","Magea2","Reverse","2588","7127","4577","2734","0.0","82.70"
"X:3550444-3555036","","Reverse","2594","7168","4616","2732","0.0","82.60"
"X:112764034-112768605","","Forward","2584","7168","4627","2732","0.0","82.54"
"X:114063660-114068263","","Reverse","2585","7168","4636","2732","0.0","82.61"
"X:4148867-4153143","","Reverse","2817","7088","4302","2730","0.0","83.17"
"X:39900996-39905505","Gm14643","Reverse","2584","7083","4543","2730","0.0","82.74"
"X:4682727-4687237","","Forward","2594","7088","4528","2728","0.0","82.75"
"X:18289380-18293216","","Forward","2585","6406","3853","2728","0.0","84.09"
"X:33253780-33258375","","Forward","2594","7168","4619","2728","0.0","82.57"
"X:53789419-53791950","Xlr","Reverse","16442","18987","2568","2728","0.0","88.40"
"X:54549626-54553462","","Reverse","2585","6406","3853","2728","0.0","84.09"
"X:54640629-54644465","","Reverse","2585","6406","3853","2728","0.0","84.09"
"X:16957774-16962339","","Reverse","2588","7140","4604","2726","0.0","82.71"
"X:55245342-55249178","","Reverse","2585","6406","3854","2726","0.0","84.09"
"X:91854630-91858454","","Forward","2584","6394","3843","2726","0.0","84.15"
"X:116244559-116249165","","Forward","2585","7168","4628","2726","0.0","82.63"
"X:150698754-150702585","","Forward","2585","6406","3853","2726","0.0","84.06"
"X:14071826-14076451","","Reverse","2589","7168","4642","2724","0.0","82.40"
"X:22340082-22344136","","Forward","2588","6632","4074","2724","0.0","83.58"
"X:76399107-76403694","","Reverse","2584","7168","4635","2724","0.0","82.50"
"X:30227104-30231546","","Reverse","2659","7088","4468","2722","0.0","82.88"
"X:85892112-85896593","","Reverse","2677","7141","4524","2722","0.0","82.65"
"X:160722204-160726131","Ppef1","Reverse","3210","7140","3958","2722","0.0","83.86"
"X:4334308-4338585","","Forward","2817","7088","4302","2720","0.0","83.15"
"X:25495099-25499695","","Reverse","2585","7168","4623","2720","0.0","82.61"
"X:55723881-55727717","","Reverse","2585","6406","3853","2720","0.0","84.06"
"X:4908117-4912390","","Reverse","2817","7088","4301","2718","0.0","83.14"
"X:88563014-88567379","","Forward","2585","6934","4385","2718","0.0","82.99"
"X:129068173-129072152","","Reverse","2585","6550","3997","2718","0.0","83.79"
"X:168396250-168400802","Frmpd4","Forward","2584","7129","4586","2718","0.0","82.62"
"X:31990045-31994637","","Forward","2594","7168","4616","2716","0.0","82.56"
"X:54458621-54462449","","Reverse","2585","6406","3853","2716","0.0","84.01"
"X:66475255-66479854","","Forward","2588","7168","4645","2716","0.0","82.48"
"X:27707856-27712283","","Reverse","2659","7055","4448","2714","0.0","82.80"
"X:153824408-153828461","","Reverse","2585","6632","4079","2714","0.0","83.55"
"X:35301599-35306041","Gm14553","Reverse","2659","7088","4469","2712","0.0","82.86"
"X:54367548-54371384","","Reverse","2585","6406","3853","2712","0.0","84.04"
"X:55037720-55041556","","Reverse","2585","6406","3853","2712","0.0","84.04"
"X:106299100-106303671","","Reverse","2584","7140","4603","2712","0.0","82.66"
"X:32665384-32669976","","Forward","2594","7168","4616","2708","0.0","82.54"
"X:122748329-122752141","","Reverse","2585","6382","3829","2704","0.0","84.07"
"X:18039580-18043619","","Reverse","2594","6632","4073","2700","0.0","83.43"
"X:28715820-28720245","","Reverse","2659","7055","4447","2700","0.0","82.77"
"X:50518740-50523363","","Reverse","2584","7183","4648","2700","0.0","82.53"
"X:57589920-57594504","","Forward","2585","7168","4629","2700","0.0","82.50"
"X:29861912-29866342","","Forward","2659","7055","4451","2698","0.0","82.75"
"X:21971950-21976536","","Forward","2588","7168","4620","2696","0.0","82.51"
"X:158795802-158799690","","Reverse","2297","6178","3911","2696","0.0","83.84"
"X:32446609-32451103","","Forward","2594","7088","4529","2694","0.0","82.58"
"X:47447585-47452071","","Reverse","2659","7127","4513","2694","0.0","82.67"
"X:18748641-18753217","","Forward","2584","7140","4600","2692","0.0","82.50"
"X:33429047-33433323","","Reverse","2817","7088","4303","2692","0.0","83.08"
"X:76415815-76420336","","Forward","2588","7091","4538","2692","0.0","82.61"
"X:17407790-17411558","","Reverse","2587","6338","3786","2690","0.0","84.13"
"X:30941670-30946112","","Forward","2659","7088","4468","2690","0.0","82.79"
"X:34017634-34022145","","Reverse","2594","7088","4536","2690","0.0","82.69"
"X:39439615-39444186","","Forward","2594","7168","4612","2690","0.0","82.42"
"X:70114243-70118395","1700111N16Rik","Reverse","2306","6448","4173","2690","0.0","83.27"
"X:114031028-114035090","","Reverse","2671","6721","4085","2690","0.0","83.50"
"X:124562813-124567000","","Forward","2589","6757","4210","2690","0.0","83.25"
"X:125638333-125642520","","Forward","2589","6757","4210","2690","0.0","83.25"
"X:125950456-125954643","","Forward","2589","6757","4210","2690","0.0","83.25"
"X:128142452-128147075","","Reverse","2584","7183","4647","2690","0.0","82.42"
"X:25893343-25897893","","Forward","2659","7168","4573","2688","0.0","82.53"
"X:30199339-30203761","","Forward","2659","7055","4446","2688","0.0","82.75"
"X:30566749-30571172","","Forward","2659","7055","4447","2688","0.0","82.73"
"X:34954686-34959109","","Forward","2659","7055","4447","2688","0.0","82.73"
"X:4468988-4473496","","Forward","2594","7088","4533","2686","0.0","82.66"
"X:32168119-32172612","","Forward","2594","7088","4528","2686","0.0","82.55"
"X:58600204-58604780","","Reverse","2597","7168","4632","2686","0.0","82.34"
"X:126229578-126234103","","Reverse","2584","7104","4558","2686","0.0","82.60"
"X:21528114-21532650","","Forward","2585","7129","4584","2684","0.0","82.46"
"X:63485895-63490392","","Reverse","2690","7172","4533","2684","0.0","82.66"
"X:29036749-29041191","Gm2200","Forward","2659","7088","4468","2682","0.0","82.77"
"X:55852721-55857308","","Reverse","2584","7168","4632","2682","0.0","82.49"
"X:70593881-70598448","","Forward","2588","7140","4592","2682","0.0","82.51"
"X:88959683-88963565","","Reverse","2659","6531","3911","2682","0.0","83.79"
"X:135264887-135269239","","Forward","2814","7163","4390","2682","0.0","82.85"
"X:26459125-26463376","","Forward","2670","6904","4269","2680","0.0","83.09"
"X:31605935-31610432","","Reverse","2594","7088","4527","2680","0.0","82.55"
"X:35628619-35633134","","Reverse","2588","7088","4543","2680","0.0","82.63"
"X:148112231-148116807","","Reverse","2594","7168","4610","2680","0.0","82.45"
"X:26876445-26880798","","Reverse","2817","7163","4382","2678","0.0","82.91"
"X:149214980-149219556","","Reverse","2594","7168","4611","2678","0.0","82.45"
"X:163839135-163843709","","Reverse","2596","7149","4616","2678","0.0","82.39"
"X:78814424-78818935","","Reverse","2594","7088","4533","2676","0.0","82.64"
"X:27256493-27260935","","Forward","2659","7088","4468","2674","0.0","82.74"
"X:119365003-119369603","","Reverse","2584","7168","4649","2674","0.0","82.30"
"X:28062340-28066762","","Reverse","2659","7055","4446","2672","0.0","82.70"
"X:29887750-29892192","Gm3669","Reverse","2659","7088","4469","2672","0.0","82.75"
"X:64844731-64849108","","Forward","2584","6934","4397","2672","0.0","82.78"
"X:108649846-108654431","Gm379","Reverse","2584","7158","4619","2672","0.0","82.49"
"X:154760411-154764838","","Reverse","2659","7088","4470","2672","0.0","82.57"
"X:27681993-27686435","Gm2101","Forward","2659","7088","4470","2670","0.0","82.75"
"X:29062596-29067020","","Reverse","2659","7055","4449","2670","0.0","82.69"
"X:60069512-60074086","Mcf2","Forward","2584","7158","4625","2670","0.0","82.38"
"X:148431545-148436121","","Reverse","2594","7168","4611","2670","0.0","82.43"
"X:50147599-50152384","","Reverse","2297","7104","4850","2668","0.0","82.04"
"X:54047723-54052295","","Forward","2584","7168","4626","2668","0.0","82.40"
"X:104738424-104742215","","Reverse","3337","7140","3828","2668","0.0","83.99"
"X:28036495-28040937","Gm2117","Forward","2659","7088","4468","2666","0.0","82.72"
"X:30592568-30597010","Gm14974","Reverse","2659","7088","4468","2666","0.0","82.72"
"X:34980505-34984947","Gm14552","Reverse","2659","7088","4468","2666","0.0","82.72"
"X:96687160-96691742","","Forward","2584","7168","4623","2666","0.0","82.44"
"X:136909790-136913606","","Reverse","2584","6394","3849","2666","0.0","83.94"
"X:26184828-26189164","","Forward","2585","6904","4357","2664","0.0","82.88"
"X:59883799-59888381","","Forward","2584","7140","4610","2664","0.0","82.41"
"X:147275202-147279039","","Reverse","2585","6406","3854","2664","0.0","83.89"
"X:156765159-156769739","","Reverse","2585","7139","4604","2664","0.0","82.47"
"X:63617639-63622208","","Forward","2588","7141","4599","2662","0.0","82.50"
"X:77036965-77041559","","Forward","2583","7168","4624","2658","0.0","82.46"
"X:95688678-95692517","","Forward","2588","6406","3856","2658","0.0","83.84"
